,index,author,name,line,lemmed_line,name
0,0,Михаил Лермонтов,Забывши волнения жизни мятежной...,"Забывши волнения жизни мятежной,",забывать волнение жизнь мятежный,Забывши волнения жизни мятежной...
1,0,Михаил Лермонтов,Забывши волнения жизни мятежной...,Один жил в пустыне рыбак молодой.,один жить в пустыня рыбак молодой,Забывши волнения жизни мятежной...
2,0,Михаил Лермонтов,Забывши волнения жизни мятежной...,"Однажды на скале прибрежной,",однажды на скала прибрежный,Забывши волнения жизни мятежной...
3,0,Михаил Лермонтов,Забывши волнения жизни мятежной...,Над тихой прозрачной рекой,над тихий прозрачный река,Забывши волнения жизни мятежной...
4,0,Михаил Лермонтов,Забывши волнения жизни мятежной...,Он с удой беспечно,он с удой беспечно,Забывши волнения жизни мятежной...
5,0,Михаил Лермонтов,Забывши волнения жизни мятежной...,Сидел,сидеть,Забывши волнения жизни мятежной...
6,0,Михаил Лермонтов,Забывши волнения жизни мятежной...,И думой сердечной,и дума сердечный,Забывши волнения жизни мятежной...
7,0,Михаил Лермонтов,Забывши волнения жизни мятежной...,К прошедшему счастью летел.,к прошедшее счастие лететь,Забывши волнения жизни мятежной...
8,1,Сергей Есенин,"Нивы сжаты, рощи голы...","Нивы сжаты, рощи голы,",нива сжатый роща гол,"Нивы сжаты, рощи голы..."
9,1,Сергей Есенин,"Нивы сжаты, рощи голы...",От воды туман и сырость.,от вода туман и сырость,"Нивы сжаты, рощи голы..."
10,1,Сергей Есенин,"Нивы сжаты, рощи голы...",Колесом за сини горы,колесо за синь гора,"Нивы сжаты, рощи голы..."
11,1,Сергей Есенин,"Нивы сжаты, рощи голы...",Солнце тихое скатилось.,солнце тихий скатиться,"Нивы сжаты, рощи голы..."
12,1,Сергей Есенин,"Нивы сжаты, рощи голы...",Дремлет взрытая дорога.,дремать взрыть дорога,"Нивы сжаты, рощи голы..."
13,1,Сергей Есенин,"Нивы сжаты, рощи голы...","Ей сегодня примечталось,",она сегодня примечтаться,"Нивы сжаты, рощи голы..."
14,1,Сергей Есенин,"Нивы сжаты, рощи голы...",Что совсем-совсем немного,что совсем совсем немного,"Нивы сжаты, рощи голы..."
15,1,Сергей Есенин,"Нивы сжаты, рощи голы...",Ждать зимы седой осталось.,ждать зима седой оставаться,"Нивы сжаты, рощи голы..."
16,1,Сергей Есенин,"Нивы сжаты, рощи голы...","Ах, и сам я в чаще звонкой",ах и сам я в чаща звонкий,"Нивы сжаты, рощи голы..."
17,1,Сергей Есенин,"Нивы сжаты, рощи голы...",Увидал вчера в тумане:,увидать вчера в туман,"Нивы сжаты, рощи голы..."
18,1,Сергей Есенин,"Нивы сжаты, рощи голы...",Рыжий месяц жеребенком,рыжий месяц жеребенок,"Нивы сжаты, рощи голы..."
19,1,Сергей Есенин,"Нивы сжаты, рощи голы...",Запрягался в наши сани.,запрягаться в наш сани,"Нивы сжаты, рощи голы..."
20,2,Игорь Северянин,ЧАРЫ ЛЮЧИНЬ,"Лючинь печальная читала вечером ручьисто-вкрадчиво,",лючинь печальный читать вечер ручьистый вкрадчивый,ЧАРЫ ЛЮЧИНЬ
21,2,Игорь Северянин,ЧАРЫ ЛЮЧИНЬ,"Так чутко чувствуя журчащий вычурно чужой ей плач,",так чутко чувствовать журчать вычурно чужой она плач,ЧАРЫ ЛЮЧИНЬ
22,2,Игорь Северянин,ЧАРЫ ЛЮЧИНЬ,"И, в человечестве чтя нечто вечное, чем чушь Бокаччио,",и в человечество чтить нечто вечный чем чушь бокаччио,ЧАРЫ ЛЮЧИНЬ
23,2,Игорь Северянин,ЧАРЫ ЛЮЧИНЬ,"От чар отчаянья кручинно-скучная, чла час удач.",от чары отчаяние кручинный скучный чла час удача,ЧАРЫ ЛЮЧИНЬ
24,2,Игорь Северянин,ЧАРЫ ЛЮЧИНЬ,"Чернела, чавкая, чумазой нечистью, ночь бесконечная,",чернеть чавкать чумазый нечисть ночь бесконечный,ЧАРЫ ЛЮЧИНЬ
25,2,Игорь Северянин,ЧАРЫ ЛЮЧИНЬ,"И челны чистые, как пчелы - птенчики безречных встреч,",и челн чистый как пчела птенчик безречный встреча,ЧАРЫ ЛЮЧИНЬ
26,2,Игорь Северянин,ЧАРЫ ЛЮЧИНЬ,"Чудили всячески, от качки с течами полуувечные,",чудить всячески от качка с течь полуувечный,ЧАРЫ ЛЮЧИНЬ
27,2,Игорь Северянин,ЧАРЫ ЛЮЧИНЬ,Чьи очи мрачные из чисел чудную чеканят речь.,чей око мрачный из число чудный чеканить речь,ЧАРЫ ЛЮЧИНЬ
28,2,Игорь Северянин,ЧАРЫ ЛЮЧИНЬ,Чьи очи мрачные из чисел чудную чеканят речь пречистую.,чей око мрачный из число чудный чеканить речь пречистый,ЧАРЫ ЛЮЧИНЬ
29,2,Игорь Северянин,ЧАРЫ ЛЮЧИНЬ,Отлично честная Лючинь сердечная лечила чад,отлично честный лючинь сердечный лечить чадо,ЧАРЫ ЛЮЧИНЬ
30,2,Игорь Северянин,ЧАРЫ ЛЮЧИНЬ,Порочных выскочек? Коричне-глетчерно кричит лучистое,порочный выскочка коричня глетчерный кричать лучистый,ЧАРЫ ЛЮЧИНЬ
31,2,Игорь Северянин,ЧАРЫ ЛЮЧИНЬ,"В качалке алчущей Молчанье чахлое, влача волчат...",в качалка алкать молчание чахлый влачить волчонок,ЧАРЫ ЛЮЧИНЬ
32,3,Анатолий Жигулин,Золото,"Глыбу кварца разбили молотом,",глыба кварц разбивать молот,Золото
33,3,Анатолий Жигулин,Золото,"И, веселым огнем горя,",и веселый огонь горе,Золото
34,3,Анатолий Жигулин,Золото,Заблестели крупинки золота,заблестеть крупинка золото,Золото
35,3,Анатолий Жигулин,Золото,В свете тусклого фонаря.,в свет тусклый фонарь,Золото
36,3,Анатолий Жигулин,Золото,И вокруг собрались откатчики:,и вокруг собираться откатчик,Золото
37,3,Анатолий Жигулин,Золото,"Редкий случай, чтоб так, в руде!",редкий случай чтоб так в руда,Золото
38,3,Анатолий Жигулин,Золото,"И от ламп заплясали зайчики,",и от лампа заплясать зайчик,Золото
39,3,Анатолий Жигулин,Золото,Отражаясь в черной воде...,отражаться в черный вода,Золото
40,3,Анатолий Жигулин,Золото,Мы стояли вокруг.,мы стоять вокруг,Золото
41,3,Анатолий Жигулин,Золото,"Курили,",курить,Золото
42,3,Анатолий Жигулин,Золото,"Прислонившись к мокрой стене,",прислоняться к мокрый стена,Золото
43,3,Анатолий Жигулин,Золото,И мечтательно говорили,и мечтательный говорить,Золото
44,3,Анатолий Жигулин,Золото,Не о золоте — о весне.,не о золото о весна,Золото
45,3,Анатолий Жигулин,Золото,"И о том, что скоро, наверно,",и о то что скоро наверно,Золото
46,3,Анатолий Жигулин,Золото,На заливе вспотеет лед,на залив вспотеть лед,Золото
47,3,Анатолий Жигулин,Золото,"И, снега огласив сиреной,",и снег оглашать сирена,Золото
48,3,Анатолий Жигулин,Золото,Наконец придет пароход...,наконец прийти пароход,Золото
49,3,Анатолий Жигулин,Золото,"Покурили еще немного,",покурить еще немного,Золото
50,3,Анатолий Жигулин,Золото,Золотинки в кисет смели,золотинка в кисет сметь,Золото
51,3,Анатолий Жигулин,Золото,"И опять — по своим дорогам,",и опять по свой дорога,Золото
52,3,Анатолий Жигулин,Золото,К вагонеткам своим пошли.,к вагонетка свой пойти,Золото
53,3,Анатолий Жигулин,Золото,Что нам золото? В дни тяжелые,что мы золото в день тяжелый,Золото
54,3,Анатолий Жигулин,Золото,Я от жадности злой не слеп.,я от жадность злой не слепой,Золото
55,3,Анатолий Жигулин,Золото,"Самородки большие, желтые",самородок большой желтый,Золото
56,3,Анатолий Жигулин,Золото,Отдавал за табак и хлеб.,отдавать за табак и хлеб,Золото
57,3,Анатолий Жигулин,Золото,Не о золоте были мысли...,не о золото быть мысль,Золото
58,3,Анатолий Жигулин,Золото,В ночь таежную у костра,в ночь таежный у костер,Золото
59,3,Анатолий Жигулин,Золото,"Есть над чем поразмыслить в жизни,",быть над что поразмыслить в жизнь,Золото
60,3,Анатолий Жигулин,Золото,Кроме,кроме,Золото
61,3,Анатолий Жигулин,Золото,Золота-серебра.,золото серебро,Золото
62,4,Николай Тихонов,Хоровод в Сульдуси,"Хлынул дождь, когда девушки, встав в хоровод,",хлынуть дождь когда девушка вставать в хоровод,Хоровод в Сульдуси
63,4,Николай Тихонов,Хоровод в Сульдуси,"В старом Сульдуси, в Сульдуси пели,",в старый сульдусь в сульдусь петь,Хоровод в Сульдуси
64,4,Николай Тихонов,Хоровод в Сульдуси,"И казалось, что дождь все их ленты зальет,",и казаться что дождь весь их лента заливать,Хоровод в Сульдуси
65,4,Николай Тихонов,Хоровод в Сульдуси,Пояса из цветной канители.,пояс из цветной канитель,Хоровод в Сульдуси
66,4,Николай Тихонов,Хоровод в Сульдуси,"Пели девушки те на вечерней заре,",петь девушка тот на вечерний заря,Хоровод в Сульдуси
67,4,Николай Тихонов,Хоровод в Сульдуси,"Под грозой, хоровод не сужая,",под гроза хоровод не сужать,Хоровод в Сульдуси
68,4,Николай Тихонов,Хоровод в Сульдуси,Но мне слышалось в том дождевом серебре,но я слышаться в тот дождевой серебро,Хоровод в Сульдуси
69,4,Николай Тихонов,Хоровод в Сульдуси,Твое имя — не песня чужая.,твой имя не песня чужой,Хоровод в Сульдуси
70,4,Николай Тихонов,Хоровод в Сульдуси,"Пели девушки, ленты качая свои,",петь девушка лента качать свой,Хоровод в Сульдуси
71,4,Николай Тихонов,Хоровод в Сульдуси,"Дождь ходил полосами косыми,",дождь ходить полоса косой,Хоровод в Сульдуси
72,4,Николай Тихонов,Хоровод в Сульдуси,Мне ж звучало над песней неслышное им,я ж звучать над песня неслышный он,Хоровод в Сульдуси
73,4,Николай Тихонов,Хоровод в Сульдуси,Твое имя — далекое имя.,твой имя далекий имя,Хоровод в Сульдуси
74,4,Николай Тихонов,Хоровод в Сульдуси,"Люди слушали — песни струилось зерно,",человек слушать песня струиться зерно,Хоровод в Сульдуси
75,4,Николай Тихонов,Хоровод в Сульдуси,"Я стоял между ними, чужими,—",я стоять между они чужой,Хоровод в Сульдуси
76,4,Николай Тихонов,Хоровод в Сульдуси,"И над песней, как радуга, жило оно —",и над песня как радуга жить оно,Хоровод в Сульдуси
77,4,Николай Тихонов,Хоровод в Сульдуси,"Твое имя, веселое имя.",твой имя веселый имя,Хоровод в Сульдуси
78,5,Александр Межиров,Как я молод - и страх мне неведом...,"Как я молод - и страх мне неведом,",как я молодой и страх я неведомый,Как я молод - и страх мне неведом...
79,5,Александр Межиров,Как я молод - и страх мне неведом...,"Как я зол - и сам черт мне не брат,",как я злой и сам черт я не брат,Как я молод - и страх мне неведом...
80,5,Александр Межиров,Как я молод - и страх мне неведом...,Пораженьям своим и победам,поражение свой и победа,Как я молод - и страх мне неведом...
81,5,Александр Межиров,Как я молод - и страх мне неведом...,В одинаковой степени рад.,в одинаковый степень рад,Как я молод - и страх мне неведом...
82,5,Александр Межиров,Как я молод - и страх мне неведом...,"В драке бью без промашки под ребра,",в драка бить без промашка под ребро,Как я молод - и страх мне неведом...
83,5,Александр Межиров,Как я молод - и страх мне неведом...,"Хохочу окровавленным ртом,",хохотать окровавленный рот,Как я молод - и страх мне неведом...
84,5,Александр Межиров,Как я молод - и страх мне неведом...,"Все недобро во мне, все недобро.",весь недобро во я весь недобро,Как я молод - и страх мне неведом...
85,5,Александр Межиров,Как я молод - и страх мне неведом...,"...Я опомнюсь, опомнюсь потом.",я опоминаться опоминаться потом,Как я молод - и страх мне неведом...
86,6,Алексей Толстой,"В стране лучей, незримой нашим взорам...","В стране лучей, незримой нашим взорам,",в страна луч незримый наш взор,"В стране лучей, незримой нашим взорам..."
87,6,Алексей Толстой,"В стране лучей, незримой нашим взорам...",Вокруг миров вращаются миры;,вокруг мир вращаться мир,"В стране лучей, незримой нашим взорам..."
88,6,Алексей Толстой,"В стране лучей, незримой нашим взорам...",Там сонмы душ возносят стройным хором,там сонм душа возносить стройный хор,"В стране лучей, незримой нашим взорам..."
89,6,Алексей Толстой,"В стране лучей, незримой нашим взорам...",Своих молитв немолчные дары;,свой молитва немолчный дар,"В стране лучей, незримой нашим взорам..."
90,6,Алексей Толстой,"В стране лучей, незримой нашим взорам...",Блаженством там сияющие лики,блаженство там сиять лик,"В стране лучей, незримой нашим взорам..."
91,6,Алексей Толстой,"В стране лучей, незримой нашим взорам...","Отвращены от мира суеты,",отвращать от мир суета,"В стране лучей, незримой нашим взорам..."
92,6,Алексей Толстой,"В стране лучей, незримой нашим взорам...","Не слышны им земной печали клики,",не слышный они земной печаль клика,"В стране лучей, незримой нашим взорам..."
93,6,Алексей Толстой,"В стране лучей, незримой нашим взорам...",Не видны им земные нищеты;,не видный они земной нищета,"В стране лучей, незримой нашим взорам..."
94,6,Алексей Толстой,"В стране лучей, незримой нашим взорам...","Все, что они желали и любили,",все что они желать и любить,"В стране лучей, незримой нашим взорам..."
95,6,Алексей Толстой,"В стране лучей, незримой нашим взорам...","Все, что к земле привязывало их,",все что к земля привязывать они,"В стране лучей, незримой нашим взорам..."
96,6,Алексей Толстой,"В стране лучей, незримой нашим взорам...","Все на земле осталось горстью пыли,",все на земля оставаться горсть пыль,"В стране лучей, незримой нашим взорам..."
97,6,Алексей Толстой,"В стране лучей, незримой нашим взорам...","А в небе нет ни близких, ни родных.",а в небо нет ни близкие ни родные,"В стране лучей, незримой нашим взорам..."
98,6,Алексей Толстой,"В стране лучей, незримой нашим взорам...","Но ты, о друг, лишь только звуки рая",но ты о друг лишь только звук рая,"В стране лучей, незримой нашим взорам..."
99,6,Алексей Толстой,"В стране лучей, незримой нашим взорам...","Как дальний зов, в твою проникнут грудь,",как дальний зов в твой проникнутый грудь,"В стране лучей, незримой нашим взорам..."
100,6,Алексей Толстой,"В стране лучей, незримой нашим взорам...","Ты обо мне подумай, умирая,",ты обо я подумать умирать,"В стране лучей, незримой нашим взорам..."
101,6,Алексей Толстой,"В стране лучей, незримой нашим взорам...",И хоть на миг блаженство позабудь!,и хоть на миг блаженство позабывать,"В стране лучей, незримой нашим взорам..."
102,6,Алексей Толстой,"В стране лучей, незримой нашим взорам...","Прощальный взор бросая нашей жизни,",прощальный взор бросать наш жизнь,"В стране лучей, незримой нашим взорам..."
103,6,Алексей Толстой,"В стране лучей, незримой нашим взорам...","Душою, друг, вглядись в мои черты,",душа друг вглядываться в мой черта,"В стране лучей, незримой нашим взорам..."
104,6,Алексей Толстой,"В стране лучей, незримой нашим взорам...",Чтобы узнать в заоблачной отчизне,чтобы узнавать в заоблачный отчизна,"В стране лучей, незримой нашим взорам..."
105,6,Алексей Толстой,"В стране лучей, незримой нашим взорам...","Кого звала, кого любила ты,",кто звать кто любить ты,"В стране лучей, незримой нашим взорам..."
106,6,Алексей Толстой,"В стране лучей, незримой нашим взорам...",Чтобы не мог моей молящей речи,чтобы не мочь мой молить речь,"В стране лучей, незримой нашим взорам..."
107,6,Алексей Толстой,"В стране лучей, незримой нашим взорам...","Небесный хор навеки заглушить,",небесный хор навеки заглушать,"В стране лучей, незримой нашим взорам..."
108,6,Алексей Толстой,"В стране лучей, незримой нашим взорам...","Чтобы тебе, до нашей новой встречи,",чтобы ты до наш новый встреча,"В стране лучей, незримой нашим взорам..."
109,6,Алексей Толстой,"В стране лучей, незримой нашим взорам...",В стране лучей и помнить и грустить!,в страна луч и помнить и грустить,"В стране лучей, незримой нашим взорам..."
110,7,Сергей Городецкий,Веснянка,"Жутко мне от вешней радости,",жутко я от вешний радость,Веснянка
111,7,Сергей Городецкий,Веснянка,"От воздушной этой сладости,",от воздушный этот сладость,Веснянка
112,7,Сергей Городецкий,Веснянка,"И от звона, и от грома",и от звон и от гром,Веснянка
113,7,Сергей Городецкий,Веснянка,Ледолома,ледолом,Веснянка
114,7,Сергей Городецкий,Веснянка,На реке,на река,Веснянка
115,7,Сергей Городецкий,Веснянка,Сердце бьется налегке.,сердце биться налегке,Веснянка
116,7,Сергей Городецкий,Веснянка,"Солнце вешнее улыбчиво,",солнце вешний улыбчивый,Веснянка
117,7,Сергей Городецкий,Веснянка,Сердце девичье узывчиво.,сердце девичий узывчивый,Веснянка
118,7,Сергей Городецкий,Веснянка,Эта сладкая истома,этот сладкий истома,Веснянка
119,7,Сергей Городецкий,Веснянка,Незнакома,незнакомый,Веснянка
120,7,Сергей Городецкий,Веснянка,"И страшна,-",и страшный,Веснянка
121,7,Сергей Городецкий,Веснянка,Пала на сердце весна!,пасть на сердце весна,Веснянка
122,7,Сергей Городецкий,Веснянка,"Верба, ягода пушистая,",верба ягода пушистый,Веснянка
123,7,Сергей Городецкий,Веснянка,"Верба, ласковая, чистая!",верба ласковый чистый,Веснянка
124,7,Сергей Городецкий,Веснянка,"Я бы милого вспугнула,",я бы милый вспугивать,Веснянка
125,7,Сергей Городецкий,Веснянка,"Хлестанула,",хлестануть,Веснянка
126,7,Сергей Городецкий,Веснянка,"Обожгла,",обжигать,Веснянка
127,7,Сергей Городецкий,Веснянка,В лес кружиться увела!,в лес кружиться уводить,Веснянка
128,7,Сергей Городецкий,Веснянка,"Я бы, встретивши кудрявого,",я бы встречать кудрявый,Веснянка
129,7,Сергей Городецкий,Веснянка,Из-за облака дырявого,из за облако дырявый,Веснянка
130,7,Сергей Городецкий,Веснянка,Вихрем волосы раздула,вихорь волос раздувать,Веснянка
131,7,Сергей Городецкий,Веснянка,И шепнула:,и шепнуть,Веснянка
132,7,Сергей Городецкий,Веснянка,"""Милый, на!",милый на,Веснянка
133,7,Сергей Городецкий,Веснянка,"Чем тебе я не весна?""",чем ты я не весна,Веснянка
134,8,Александр Сумароков,В роще девки гуляли...,В роще девки гуляли,в роща девка гулять,В роще девки гуляли...
135,8,Александр Сумароков,В роще девки гуляли...,"Калина ли моя, малина ли моя!",калина ли мой малина ли мой,В роще девки гуляли...
136,8,Александр Сумароков,В роще девки гуляли...,И весну прославляли.,и весна прославлять,В роще девки гуляли...
137,8,Александр Сумароков,В роще девки гуляли...,Калина и пр.,калина и пр,В роще девки гуляли...
138,8,Александр Сумароков,В роще девки гуляли...,"Девку горесть морила,",девка горесть морить,В роще девки гуляли...
139,8,Александр Сумароков,В роще девки гуляли...,Калина и пр.,калина и пр,В роще девки гуляли...
140,8,Александр Сумароков,В роще девки гуляли...,Девка тут говорила:,девка тут говорить,В роще девки гуляли...
141,8,Александр Сумароков,В роще девки гуляли...,Калина и пр.,калина и пр,В роще девки гуляли...
142,8,Александр Сумароков,В роще девки гуляли...,"""Я лишилася друга.",я лишилася друг,В роще девки гуляли...
143,8,Александр Сумароков,В роще девки гуляли...,Калина и пр.,калина и пр,В роще девки гуляли...
144,8,Александр Сумароков,В роще девки гуляли...,"Вянь, трава чиста луга,",вянуть трава чистый луг,В роще девки гуляли...
145,8,Александр Сумароков,В роще девки гуляли...,Калина и пр.,калина и пр,В роще девки гуляли...
146,8,Александр Сумароков,В роще девки гуляли...,"Не всходи, месяц ясный,",не всходить месяц ясный,В роще девки гуляли...
147,8,Александр Сумароков,В роще девки гуляли...,Калина и пр.,калина и пр,В роще девки гуляли...
148,8,Александр Сумароков,В роще девки гуляли...,"Не свети ты, день красный,",не светить ты день красный,В роще девки гуляли...
149,8,Александр Сумароков,В роще девки гуляли...,Калина и пр.,калина и пр,В роще девки гуляли...
150,8,Александр Сумароков,В роще девки гуляли...,"Не плещите вы, воды!",не плескать вы вода,В роще девки гуляли...
151,8,Александр Сумароков,В роще девки гуляли...,Калина и пр.,калина и пр,В роще девки гуляли...
152,8,Александр Сумароков,В роще девки гуляли...,"Не пойду в короводы,",не пойти в коровод,В роще девки гуляли...
153,8,Александр Сумароков,В роще девки гуляли...,Калина и пр.,калина и пр,В роще девки гуляли...
154,8,Александр Сумароков,В роще девки гуляли...,"Не нарву я цветочков,",не нарывать я цветочек,В роще девки гуляли...
155,8,Александр Сумароков,В роще девки гуляли...,Калина и пр.,калина и пр,В роще девки гуляли...
156,8,Александр Сумароков,В роще девки гуляли...,Не сплету я веночков.,не сплетать я веночек,В роще девки гуляли...
157,8,Александр Сумароков,В роще девки гуляли...,Калина и пр.,калина и пр,В роще девки гуляли...
158,8,Александр Сумароков,В роще девки гуляли...,"Я веселья не знаю,",я веселие не знать,В роще девки гуляли...
159,8,Александр Сумароков,В роще девки гуляли...,Калина и пр.,калина и пр,В роще девки гуляли...
160,8,Александр Сумароков,В роще девки гуляли...,"Друг, тебя вспоминаю",друг ты вспоминать,В роще девки гуляли...
161,8,Александр Сумароков,В роще девки гуляли...,Калина и пр.,калина и пр,В роще девки гуляли...
162,8,Александр Сумароков,В роще девки гуляли...,Я и денно и ночно.,я и денно и ночно,В роще девки гуляли...
163,8,Александр Сумароков,В роще девки гуляли...,Калина и пр.,калина и пр,В роще девки гуляли...
164,8,Александр Сумароков,В роще девки гуляли...,В день и в ночь сердцу тошно.,в день и в ночь сердце тошно,В роще девки гуляли...
165,8,Александр Сумароков,В роще девки гуляли...,Калина и пр.,калина и пр,В роще девки гуляли...
166,8,Александр Сумароков,В роще девки гуляли...,Я любила сердечно,я любить сердечно,В роще девки гуляли...
167,8,Александр Сумароков,В роще девки гуляли...,Калина и пр.,калина и пр,В роще девки гуляли...
168,8,Александр Сумароков,В роще девки гуляли...,И любить буду вечно.,и любить быть вечно,В роще девки гуляли...
169,8,Александр Сумароков,В роще девки гуляли...,Калина и пр.,калина и пр,В роще девки гуляли...
170,8,Александр Сумароков,В роще девки гуляли...,"Сыщешь ты дорогую,",сыскать ты дорогой,В роще девки гуляли...
171,8,Александр Сумароков,В роще девки гуляли...,Калина и пр.,калина и пр,В роще девки гуляли...
172,8,Александр Сумароков,В роще девки гуляли...,Отлучився - другую,отлучився другой,В роще девки гуляли...
173,8,Александр Сумароков,В роще девки гуляли...,Калина и пр.,калина и пр,В роще девки гуляли...
174,8,Александр Сумароков,В роще девки гуляли...,"Сыщешь милу, прекрасну",сыскать мила прекрасный,В роще девки гуляли...
175,8,Александр Сумароков,В роще девки гуляли...,Калина и пр.,калина и пр,В роще девки гуляли...
176,8,Александр Сумароков,В роще девки гуляли...,И забудешь несчастну.,и забывать несчастнуть,В роще девки гуляли...
177,8,Александр Сумароков,В роще девки гуляли...,Калина и пр.,калина и пр,В роще девки гуляли...
178,8,Александр Сумароков,В роще девки гуляли...,"Та прекраснее будет,",тот прекрасно быть,В роще девки гуляли...
179,8,Александр Сумароков,В роще девки гуляли...,Калина я пр.,калина я пр,В роще девки гуляли...
180,8,Александр Сумароков,В роще девки гуляли...,Да тебя позабудет.,да ты позабывать,В роще девки гуляли...
181,8,Александр Сумароков,В роще девки гуляли...,Калина я пр.,калина я пр,В роще девки гуляли...
182,8,Александр Сумароков,В роще девки гуляли...,"Ах, а я не забуду,",ах а я не забывать,В роще девки гуляли...
183,8,Александр Сумароков,В роще девки гуляли...,Калина и пр.,калина и пр,В роще девки гуляли...
184,8,Александр Сумароков,В роще девки гуляли...,Сколько жить я ни буду.,сколько жить я ни быть,В роще девки гуляли...
185,8,Александр Сумароков,В роще девки гуляли...,Калина и пр.,калина и пр,В роще девки гуляли...
186,8,Александр Сумароков,В роще девки гуляли...,Не пойдут быстры реки,не пойти быстрый река,В роще девки гуляли...
187,8,Александр Сумароков,В роще девки гуляли...,Калина и пр.,калина и пр,В роще девки гуляли...
188,8,Александр Сумароков,В роще девки гуляли...,Ко источнику ввеки.,ко источник ввеки,В роще девки гуляли...
189,8,Александр Сумароков,В роще девки гуляли...,Калина и пр.,калина и пр,В роще девки гуляли...
190,8,Александр Сумароков,В роще девки гуляли...,Так и мне неудобно,так и я неудобно,В роще девки гуляли...
191,8,Александр Сумароков,В роще девки гуляли...,Калина и пр.,калина и пр,В роще девки гуляли...
192,8,Александр Сумароков,В роще девки гуляли...,"Быть неверной подобно"".",быть неверный подобно,В роще девки гуляли...
193,8,Александр Сумароков,В роще девки гуляли...,Калина и пр.,калина и пр,В роще девки гуляли...
194,9,Давид Самойлов,Наташа,Круглый двор,круглый двор,Наташа
195,9,Давид Самойлов,Наташа,с кринолинами клумб.,с кринолин клумба,Наташа
196,9,Давид Самойлов,Наташа,Неожиданный клуб,неожиданный клуб,Наташа
197,9,Давид Самойлов,Наташа,"страстей и гостей,",страсть и гость,Наташа
198,9,Давид Самойлов,Наташа,приезжающих цугом.,приезжать цугом,Наташа
199,9,Давид Самойлов,Наташа,И откуда-то с полуиспугом -,и откуда то с полуиспуг,Наташа
200,9,Давид Самойлов,Наташа,"Наташа,",наташа,Наташа
201,9,Давид Самойлов,Наташа,"она,",она,Наташа
202,9,Давид Самойлов,Наташа,"каблучками стуча,",каблучок стучать,Наташа
203,9,Давид Самойлов,Наташа,"выбегает, выпархивает -",выбегать выпархивать,Наташа
204,9,Давид Самойлов,Наташа,"к Анатолю, к Андрею -",к анатоль к андрей,Наташа
205,9,Давид Самойлов,Наташа,бог знает к кому!-,бог знать к кто,Наташа
206,9,Давид Самойлов,Наташа,"на асфальт, на проезд,",на асфальт на проезд,Наташа
207,9,Давид Самойлов,Наташа,"под фасетные буркалы автомобилей,",под фасетной буркал автомобиль,Наташа
208,9,Давид Самойлов,Наташа,"вылетает, выпархивает без усилий",вылетать выпархивать без усилие,Наташа
209,9,Давид Самойлов,Наташа,всеми крыльями,весь крыло,Наташа
210,9,Давид Самойлов,Наташа,девятнадцати лет -,девятнадцать год,Наташа
211,9,Давид Самойлов,Наташа,"как цветок на паркет,",как цветок на паркет,Наташа
212,9,Давид Самойлов,Наташа,"как букет на подмостки,-",как букет на подмостки,Наташа
213,9,Давид Самойлов,Наташа,в лоск асфальта,в лоск асфальт,Наташа
214,9,Давид Самойлов,Наташа,"из барского особняка,",из барский особняк,Наташа
215,9,Давид Самойлов,Наташа,"чуть испуганная,",чуть испугать,Наташа
216,9,Давид Самойлов,Наташа,словно птица на волю -,словно птица на воля,Наташа
217,9,Давид Самойлов,Наташа,"не к Андрею,",не к андрей,Наташа
218,9,Давид Самойлов,Наташа,бог знает к кому -,бог знать к кто,Наташа
219,9,Давид Самойлов,Наташа,к Анатолю?..,к анатоль,Наташа
220,9,Давид Самойлов,Наташа,Дождь стучит в целлофан,дождь стучать в целлофан,Наташа
221,9,Давид Самойлов,Наташа,пистолетным свинцом...,пистолетный свинец,Наташа
222,9,Давид Самойлов,Наташа,"А она, не предвидя всего,",а она не предвидеть всего,Наташа
223,9,Давид Самойлов,Наташа,"что ей выпадет вскоре на долю,",что она выпадать вскоре на доля,Наташа
224,9,Давид Самойлов,Наташа,выбегает,выбегать,Наташа
225,9,Давид Самойлов,Наташа,с уже обреченным лицом.,с уже обреченный лицо,Наташа
226,10,Рюрик Ивнев,Животворящий взгляд,"Казалось мне, что все слова истерты,",казаться я что весь слово истирать,Животворящий взгляд
227,10,Рюрик Ивнев,Животворящий взгляд,"Что свежих слов мне не найти родник,",что свежий слово я не находить родник,Животворящий взгляд
228,10,Рюрик Ивнев,Животворящий взгляд,"Но взгляд один — и воскресает мертвый,",но взгляд один и воскресать мертвый,Животворящий взгляд
229,10,Рюрик Ивнев,Животворящий взгляд,И оживает скованный язык.,и оживать скованный язык,Животворящий взгляд
230,10,Рюрик Ивнев,Животворящий взгляд,"Но взгляд не тот, что в тишине укромной",но взгляд не тот что в тишина укромный,Животворящий взгляд
231,10,Рюрик Ивнев,Животворящий взгляд,"Ласкал меня, как трепетный ночник,",ласкать я как трепетный ночник,Животворящий взгляд
232,10,Рюрик Ивнев,Животворящий взгляд,"А тот палящий, из пространств огромных,",а тот палящий из пространство огромный,Животворящий взгляд
233,10,Рюрик Ивнев,Животворящий взгляд,Что вместе с бурей предо мной возник.,что вместе с буря предо я возникать,Животворящий взгляд
234,10,Рюрик Ивнев,Животворящий взгляд,"Как звезды те, которых нет на свете,",как звезда тот который нет на свет,Животворящий взгляд
235,10,Рюрик Ивнев,Животворящий взгляд,"Неотличимые от звезд других,",неотличимый от звезда другой,Животворящий взгляд
236,10,Рюрик Ивнев,Животворящий взгляд,"Спустя столетья так же ярко светят,",спустя столетие так же ярко светить,Животворящий взгляд
237,10,Рюрик Ивнев,Животворящий взгляд,Как будто жизнь не покидала их.,как будто жизнь не покидать они,Животворящий взгляд
238,11,Федор Тютчев,Ночное небо так угрюмо...,"Ночное небо так угрюмо,",ночной небо так угрюмо,Ночное небо так угрюмо...
239,11,Федор Тютчев,Ночное небо так угрюмо...,Заволокло со всех сторон.,заволакивать со весь сторона,Ночное небо так угрюмо...
240,11,Федор Тютчев,Ночное небо так угрюмо...,"То не угроза и не дума,",то не угроза и не дума,Ночное небо так угрюмо...
241,11,Федор Тютчев,Ночное небо так угрюмо...,"То вялый, безотрадный сон.",то вялый безотрадный сон,Ночное небо так угрюмо...
242,11,Федор Тютчев,Ночное небо так угрюмо...,"Одни зарницы огневые,",один зарница огневой,Ночное небо так угрюмо...
243,11,Федор Тютчев,Ночное небо так угрюмо...,"Воспламеняясь чередой,",воспламеняться череда,Ночное небо так угрюмо...
244,11,Федор Тютчев,Ночное небо так угрюмо...,"Как демоны глухонемые,",как демон глухонемой,Ночное небо так угрюмо...
245,11,Федор Тютчев,Ночное небо так угрюмо...,Ведут беседу меж собой.,вести беседа меж себя,Ночное небо так угрюмо...
246,11,Федор Тютчев,Ночное небо так угрюмо...,"Как по условленному знаку,",как по условленный знак,Ночное небо так угрюмо...
247,11,Федор Тютчев,Ночное небо так угрюмо...,"Вдруг неба вспыхнет полоса,",вдруг небо вспыхивать полоса,Ночное небо так угрюмо...
248,11,Федор Тютчев,Ночное небо так угрюмо...,И быстро выступят из мраку,и быстро выступать из мрак,Ночное небо так угрюмо...
249,11,Федор Тютчев,Ночное небо так угрюмо...,Поля и дальние леса.,поле и дальний лес,Ночное небо так угрюмо...
250,11,Федор Тютчев,Ночное небо так угрюмо...,"И вот опять все потемнело,",и вот опять все потемнеть,Ночное небо так угрюмо...
251,11,Федор Тютчев,Ночное небо так угрюмо...,Все стихло в чуткой темноте -,все стихать в чуткий темнота,Ночное небо так угрюмо...
252,11,Федор Тютчев,Ночное небо так угрюмо...,Как бы таинственное дело,как бы таинственный дело,Ночное небо так угрюмо...
253,11,Федор Тютчев,Ночное небо так угрюмо...,Решалось там - на высоте.,решаться там на высота,Ночное небо так угрюмо...
254,12,Лев Мей,Забытые ямбы,"Итак, вы ждете от меня",итак вы ждать от я,Забытые ямбы
255,12,Лев Мей,Забытые ямбы,Письма по-русски для науки?,письмо по русски для наука,Забытые ямбы
256,12,Лев Мей,Забытые ямбы,. . . . . . . . . . . . . .,,Забытые ямбы
257,12,Лев Мей,Забытые ямбы,. . . . . . . . . . . . . .,,Забытые ямбы
258,12,Лев Мей,Забытые ямбы,. . . . . . С юных лет,с юный год,Забытые ямбы
259,12,Лев Мей,Забытые ямбы,"Слова: письмо, печать, пакет",слово письмо печать пакет,Забытые ямбы
260,12,Лев Мей,Забытые ямбы,Во мне вселяли отвращенье.,во я вселять отвращение,Забытые ямбы
261,12,Лев Мей,Забытые ямбы,Я думал: «Господи! писать,я думать господи писать,Забытые ямбы
262,12,Лев Мей,Забытые ямбы,И слать по почте уверенье,и слать по почта уверение,Забытые ямбы
263,12,Лев Мей,Забытые ямбы,"В любви, и в дружбе, и в почтеньи,",в любовь и в дружба и в почтение,Забытые ямбы
264,12,Лев Мей,Забытые ямбы,Ведь это значит просто лгать:,ведь это значить просто лгать,Забытые ямбы
265,12,Лев Мей,Забытые ямбы,"Лгать перед сердцем, перед духом.",лгать перед сердце перед дух,Забытые ямбы
266,12,Лев Мей,Забытые ямбы,"Коль человек полюбит раз,",коль человек полюбить раз,Забытые ямбы
267,12,Лев Мей,Забытые ямбы,"Духовным оком, вещим слухом",духовный око вещий слух,Забытые ямбы
268,12,Лев Мей,Забытые ямбы,"Он видит нас, он слышит нас.",он видеть мы он слышать мы,Забытые ямбы
269,12,Лев Мей,Забытые ямбы,"К чему ж писать? Я слышу, вижу».",к что ж писать я слышать видеть,Забытые ямбы
270,12,Лев Мей,Забытые ямбы,"Так думал я, и потому,",так думать я и потому,Забытые ямбы
271,12,Лев Мей,Забытые ямбы,"Совсем не веруя письму,",совсем не веровать письмо,Забытые ямбы
272,12,Лев Мей,Забытые ямбы,Я переписки ненавижу.,я переписка ненавидеть,Забытые ямбы
273,12,Лев Мей,Забытые ямбы,"Но если отдан уж приказ,",но если отдавать уж приказ,Забытые ямбы
274,12,Лев Мей,Забытые ямбы,Непослушанье безрассудно...,непослушание безрассудно,Забытые ямбы
275,12,Лев Мей,Забытые ямбы,С чего начать?,с что начинать,Забытые ямбы
276,12,Лев Мей,Забытые ямбы,Давно уж в моде,давно уж в мода,Забытые ямбы
277,12,Лев Мей,Забытые ямбы,Беседу с дамой заводить,беседа с дама заводить,Забытые ямбы
278,12,Лев Мей,Забытые ямбы,"Намеком тонким о погоде,",намек тонкий о погода,Забытые ямбы
279,12,Лев Мей,Забытые ямбы,А уж потом и говорить...,а уж потом и говорить,Забытые ямбы
280,12,Лев Мей,Забытые ямбы,"И говорить о всем об этом,",и говорить о все об это,Забытые ямбы
281,12,Лев Мей,Забытые ямбы,"Что говорится целым светом,",что говориться целый свет,Забытые ямбы
282,12,Лев Мей,Забытые ямбы,На что с самих пеленок мать,на что с сам пеленка мать,Забытые ямбы
283,12,Лев Мей,Забытые ямбы,"Учила дочку отвечать,",учить дочка отвечать,Забытые ямбы
284,12,Лев Мей,Забытые ямбы,"Или сама, а были средства —",или сам а быть средство,Забытые ямбы
285,12,Лев Мей,Забытые ямбы,"Через мадам, мамзель иль мисс...",через мадам мамзель иль мисс,Забытые ямбы
286,12,Лев Мей,Забытые ямбы,(Здорова ли madame F[ern]iss?),здоровый ли,Забытые ямбы
287,12,Лев Мей,Забытые ямбы,"Простите: дней счастливых детства,",прощать день счастливый детство,Забытые ямбы
288,12,Лев Мей,Забытые ямбы,"Дней первых слез, дней первых грез",день первый слеза день первый греза,Забытые ямбы
289,12,Лев Мей,Забытые ямбы,Коснулся я... Бог с ними! Были,касаться я бог с они быть,Забытые ямбы
290,12,Лев Мей,Забытые ямбы,Да и прошли. Господь унес...,да и проходить господь уносить,Забытые ямбы
291,12,Лев Мей,Забытые ямбы,Мы о погоде говорили...,мы о погода говорить,Забытые ямбы
292,12,Лев Мей,Забытые ямбы,У нас плоха. Панелей плиты,у мы плохой панель плита,Забытые ямбы
293,12,Лев Мей,Забытые ямбы,"Так и сочатся под ногой,",так и сочиться под нога,Забытые ямбы
294,12,Лев Мей,Забытые ямбы,А крыши с самых труб облиты,а крыша с самый труба обливать,Забытые ямбы
295,12,Лев Мей,Забытые ямбы,"Какой-то мыльною водой,",какой то мыльный вода,Забытые ямбы
296,12,Лев Мей,Забытые ямбы,Как будто — вид довольно жалкой!—,как будто вид довольно жалкий,Забытые ямбы
297,12,Лев Мей,Забытые ямбы,"Природа лапотки сняла,",природа лапоток снимать,Забытые ямбы
298,12,Лев Мей,Забытые ямбы,Кругом подол подобрала,кругом подол подбирать,Забытые ямбы
299,12,Лев Мей,Забытые ямбы,И моет грязною мочалкой,и мыть грязный мочалка,Забытые ямбы
300,12,Лев Мей,Забытые ямбы,Всю землю к празднику весны...,весь земля к праздник весна,Забытые ямбы
301,12,Лев Мей,Забытые ямбы,"Еще простите... Право, сны",еще прощать право сон,Забытые ямбы
302,12,Лев Мей,Забытые ямбы,"О вечном солнце, вечном мае,",о вечный солнце вечный май,Забытые ямбы
303,12,Лев Мей,Забытые ямбы,"О том далеком, чудном крае,",о тот далекий чудный край,Забытые ямбы
304,12,Лев Мей,Забытые ямбы,"Где дышишь вольно, где тепло,",где дышать вольно где тепло,Забытые ямбы
305,12,Лев Мей,Забытые ямбы,Волнуют желчь мне тяжело...,волновать желчь я тяжело,Забытые ямбы
306,12,Лев Мей,Забытые ямбы,Но станет и у нас погодка.,но становиться и у мы погодка,Забытые ямбы
307,12,Лев Мей,Забытые ямбы,"Весна идет: ее походка,",весна идти ее походка,Забытые ямбы
308,12,Лев Мей,Забытые ямбы,Ее приемы и слова —,ее прием и слово,Забытые ямбы
309,12,Лев Мей,Забытые ямбы,"Без льдинок катится Нева,",без льдинка катиться нева,Забытые ямбы
310,12,Лев Мей,Забытые ямбы,"Мосты полиция наводит,",мост полиция наводить,Забытые ямбы
311,12,Лев Мей,Забытые ямбы,По мокрым улицам давно,по мокрый улица давно,Забытые ямбы
312,12,Лев Мей,Забытые ямбы,"Ночь белая дозором бродит,",ночь белый дозор бродить,Забытые ямбы
313,12,Лев Мей,Забытые ямбы,"Глядит порой ко мне в окно,",глядеть пора ко я в окно,Забытые ямбы
314,12,Лев Мей,Забытые ямбы,Особенно когда разгрязнет,особенно когда разгрязнуть,Забытые ямбы
315,12,Лев Мей,Забытые ямбы,"И ехать некуда,— глядит,",и ехать некуда глядеть,Забытые ямбы
316,12,Лев Мей,Забытые ямбы,"Да так упорно, словно дразнит:",да так упорно словно дразнить,Забытые ямбы
317,12,Лев Мей,Забытые ямбы,"«Ну, что не спишь-то? — говорит.—",ну что не спать то говорить,Забытые ямбы
318,12,Лев Мей,Забытые ямбы,"Ведь люди спят, ведь сон-то нужен;",ведь человек спать ведь сон то нужный,Забытые ямбы
319,12,Лев Мей,Забытые ямбы,"Диви бы бал, диви бы ужин:",дивить бы бал дивить бы ужин,Забытые ямбы
320,12,Лев Мей,Забытые ямбы,"Нет, так вот, даром баловать!",нет так вот даром баловать,Забытые ямбы
321,12,Лев Мей,Забытые ямбы,"Гаси свечу, ложися спать!»",гасить свеча ложисить спать,Забытые ямбы
322,12,Лев Мей,Забытые ямбы,И верить я готов беличке,и верить я готовый беличка,Забытые ямбы
323,12,Лев Мей,Забытые ямбы,И изменить готов привычке,и изменять готовый привычка,Забытые ямбы
324,12,Лев Мей,Забытые ямбы,Не спать ночей...,не спать ночь,Забытые ямбы
325,12,Лев Мей,Забытые ямбы,"А есть в ночи,",а быть в ночь,Забытые ямбы
326,12,Лев Мей,Забытые ямбы,"Вы сами знаете, такое,",вы сам знать такой,Забытые ямбы
327,12,Лев Мей,Забытые ямбы,"Что и светлей и жгучей втрое,",что и светлый и жгучий втрое,Забытые ямбы
328,12,Лев Мей,Забытые ямбы,Чем солнца вешние лучи.,чем солнце вешний луч,Забытые ямбы
329,12,Лев Мей,Забытые ямбы,"Дни длинны, ровны, монотонны,",день длинный ровный монотонный,Забытые ямбы
330,12,Лев Мей,Забытые ямбы,"Как ржавых рельсов полоса,",как ржавый рельс полоса,Забытые ямбы
331,12,Лев Мей,Забытые ямбы,"А ночи, ночи... небеса",а ночь ночь небо,Забытые ямбы
332,12,Лев Мей,Забытые ямбы,"Бывают звездны и бездонны,",бывать звездный и бездонный,Забытые ямбы
333,12,Лев Мей,Забытые ямбы,Как чьи-то глазки...,как чей то глазок,Забытые ямбы
334,12,Лев Мей,Забытые ямбы,Я не лгу,я не лгать,Забытые ямбы
335,12,Лев Мей,Забытые ямбы,И доказать всегда могу,и доказывать всегда мочь,Забытые ямбы
336,12,Лев Мей,Забытые ямбы,Сродство ночных небес с глазами.,сродство ночной небо с глаз,Забытые ямбы
337,12,Лев Мей,Забытые ямбы,"Теперь, конечно, между нами,",теперь конечно между мы,Забытые ямбы
338,12,Лев Мей,Забытые ямбы,Теперь я сплетничать начну.,теперь я сплетничать начинать,Забытые ямбы
339,12,Лев Мей,Забытые ямбы,Я видел некую жену,я видеть некий жена,Забытые ямбы
340,12,Лев Мей,Забытые ямбы,И видел девочку: глазенки,и видеть девочка глазенки,Забытые ямбы
341,12,Лев Мей,Забытые ямбы,По сердцу гладят... Отчего,по сердце гладить отчего,Забытые ямбы
342,12,Лев Мей,Забытые ямбы,Намек на женщину в ребенке,намек на женщина в ребенок,Забытые ямбы
343,12,Лев Мей,Забытые ямбы,Не занимает никого?,не занимать никто,Забытые ямбы
344,12,Лев Мей,Забытые ямбы,"Как будто бог зерно положит,",как будто бог зерно полагать,Забытые ямбы
345,12,Лев Мей,Забытые ямбы,"И уж зерну не возрасти,",и уж зерно не возрастать,Забытые ямбы
346,12,Лев Мей,Забытые ямбы,Как будто девочка не может,как будто девочка не мочь,Забытые ямбы
347,12,Лев Мей,Забытые ямбы,Девицей красной расцвести!,девица красный расцветать,Забытые ямбы
348,12,Лев Мей,Забытые ямбы,Нет! Я красавиц угадаю,нет я красавица угадывать,Забытые ямбы
349,12,Лев Мей,Забытые ямбы,"И в зрелых женщинах узнаю,",и в зрелый женщина узнавать,Забытые ямбы
350,12,Лев Мей,Забытые ямбы,"Всегда узнаю, и впопад,",всегда узнавать и впопад,Забытые ямбы
351,12,Лев Мей,Забытые ямбы,Какими в отрочестве были...,какой в отрочество быть,Забытые ямбы
352,12,Лев Мей,Забытые ямбы,И вот одна вам наугад:,и вот один вы наугад,Забытые ямбы
353,12,Лев Мей,Забытые ямбы,"Соболья бровь, лукавый взгляд,",соболий бровь лукавый взгляд,Забытые ямбы
354,12,Лев Мей,Забытые ямбы,"Лицо как кипень, плечи всплыли",лицо как кипень плечо всплывать,Забытые ямбы
355,12,Лев Мей,Забытые ямбы,"Как две кувшинки — или две,",как два кувшинка или два,Забытые ямбы
356,12,Лев Мей,Забытые ямбы,"С ночи заснувшие в траве,",с ночь заснуть в трава,Забытые ямбы
357,12,Лев Мей,Забытые ямбы,Две белотрепетные пташки,два белотрепетный пташка,Забытые ямбы
358,12,Лев Мей,Забытые ямбы,Всплывают рано на заре,всплывать рано на заря,Забытые ямбы
359,12,Лев Мей,Забытые ямбы,Из моря донника и кашки,из море донник и кашка,Забытые ямбы
360,12,Лев Мей,Забытые ямбы,"В росном, зернистом серебре...",в росный зернистый серебро,Забытые ямбы
361,12,Лев Мей,Забытые ямбы,"Да, на цветы, на перья птицы,",да на цветок на перо птица,Забытые ямбы
362,12,Лев Мей,Забытые ямбы,На росы майского утра,на роса майский утро,Забытые ямбы
363,12,Лев Мей,Забытые ямбы,"Идет не столько серебра,",идти не столько серебро,Забытые ямбы
364,12,Лев Мей,Забытые ямбы,"Как на плечо отроковицы,",как на плечо отроковица,Забытые ямбы
365,12,Лев Мей,Забытые ямбы,Когда создатель сам на ней,когда создатель сам на она,Забытые ямбы
366,12,Лев Мей,Забытые ямбы,Печать любви своей положит —,печать любовь свой полагать,Забытые ямбы
367,12,Лев Мей,Забытые ямбы,"А всё, что создано, очей",а все что создавать око,Забытые ямбы
368,12,Лев Мей,Забытые ямбы,Свести с красавицы не может.,сводить с красавица не мочь,Забытые ямбы
369,12,Лев Мей,Забытые ямбы,Но переход-то мой к мечте,но переход то мой к мечта,Забытые ямбы
370,12,Лев Мей,Забытые ямбы,От сплетен слишком уж поспешен.,от сплетня слишком уж поспешный,Забытые ямбы
371,12,Лев Мей,Забытые ямбы,"Что делать, аз есмь многогрешен",что делать аз есмь многогрешный,Забытые ямбы
372,12,Лев Мей,Забытые ямбы,И поклоняюсь красоте.,и поклоняться красота,Забытые ямбы
373,12,Лев Мей,Забытые ямбы,. . . . . . . . . . . . . . . .,,Забытые ямбы
374,12,Лев Мей,Забытые ямбы,. . . . . . . . . . . . . . . .,,Забытые ямбы
375,12,Лев Мей,Забытые ямбы,Недавно ночью проезжал,недавно ночь проезжать,Забытые ямбы
376,12,Лев Мей,Забытые ямбы,Я мимо графского аббатства...,я мимо графский аббатство,Забытые ямбы
377,12,Лев Мей,Забытые ямбы,Остановился... Старый дом,останавливаться старый дом,Забытые ямбы
378,12,Лев Мей,Забытые ямбы,Темнел завешанным окном,темнеть завешивать окно,Забытые ямбы
379,12,Лев Мей,Забытые ямбы,"Угольной комнаты угрюмо,",угольный комната угрюмо,Забытые ямбы
380,12,Лев Мей,Забытые ямбы,Смотрел с такою тайной думой,смотреть с такой тайный дума,Забытые ямбы
381,12,Лев Мей,Забытые ямбы,"На водополую Неву,",на водополый нева,Забытые ямбы
382,12,Лев Мей,Забытые ямбы,"Что бог весть как, но предо мною",что бог весть как но предо я,Забытые ямбы
383,12,Лев Мей,Забытые ямбы,Восстали тени чередою...,восставать тень череда,Забытые ямбы
384,12,Лев Мей,Забытые ямбы,И вот вам греза наяву.,и вот вы греза наяву,Забытые ямбы
385,12,Лев Мей,Забытые ямбы,"Не бойтесь, нет во мне привычки",не бояться нет во я привычка,Забытые ямбы
386,12,Лев Мей,Забытые ямбы,Пугать могилами: сову,пугать могила сова,Забытые ямбы
387,12,Лев Мей,Забытые ямбы,На перышко последней птички,на перышко последний птичка,Забытые ямбы
388,12,Лев Мей,Забытые ямбы,Вовеки не сменяю я;,вовеки не сменять я,Забытые ямбы
389,12,Лев Мей,Забытые ямбы,"Мне дроги, гроб и панихида,",я дроги гроб и панихида,Забытые ямбы
390,12,Лев Мей,Забытые ямбы,"И лития, и кутия,",и лития и кутия,Забытые ямбы
391,12,Лев Мей,Забытые ямбы,"Поверьте, смертная обида...",поверять смертный обида,Забытые ямбы
392,12,Лев Мей,Забытые ямбы,Так вот-с... почудился мне бал.,так вот с почудиться я бал,Забытые ямбы
393,12,Лев Мей,Забытые ямбы,"Сверкали люстры и уборы,",сверкать люстра и убор,Забытые ямбы
394,12,Лев Мей,Забытые ямбы,"Цветился зал, звучали хоры,",цветиться зал звучать хор,Забытые ямбы
395,12,Лев Мей,Забытые ямбы,"Весь дом гудел, благоухал",весь дом гудеть благоухать,Забытые ямбы
396,12,Лев Мей,Забытые ямбы,И трепетал под стройным звуком.,и трепетать под стройный звук,Забытые ямбы
397,12,Лев Мей,Забытые ямбы,"На диво всем, в науку внукам",на диво все в наука внук,Забытые ямбы
398,12,Лев Мей,Забытые ямбы,В нем дед вельможный пировал,в немой дед вельможный пировать,Забытые ямбы
399,12,Лев Мей,Забытые ямбы,"Затем, что — было это время —",затем что быть этот время,Забытые ямбы
400,12,Лев Мей,Забытые ямбы,"Он взял на плечи, и не зря,",он взять на плечо и не зря,Забытые ямбы
401,12,Лев Мей,Забытые ямбы,"Тяжелое, честное бремя",тяжелый честный бремя,Забытые ямбы
402,12,Лев Мей,Забытые ямбы,С рамен великого царя.,с рамена великий царь,Забытые ямбы
403,12,Лев Мей,Забытые ямбы,И вот он сам. Густые кудри,и вот он сам густой кудри,Забытые ямбы
404,12,Лев Мей,Забытые ямбы,Белеют в благовонной пудре;,белеть в благовонный пудра,Забытые ямбы
405,12,Лев Мей,Забытые ямбы,"Лилейно-нежная рука,",лилейный нежный рука,Забытые ямбы
406,12,Лев Мей,Забытые ямбы,"Как мрамор дышащий мягка,",как мрамор дышать мягкий,Забытые ямбы
407,12,Лев Мей,Забытые ямбы,Красуется под кружевами.,красоваться под кружева,Забытые ямбы
408,12,Лев Мей,Забытые ямбы,Полусклоненный мощный стан,полусклонять мощный стан,Забытые ямбы
409,12,Лев Мей,Забытые ямбы,"Затянут в бархатный кафтан,",затягивать в бархатный кафтан,Забытые ямбы
410,12,Лев Мей,Забытые ямбы,Горит алмазными звездами,гореть алмазный звезда,Забытые ямбы
411,12,Лев Мей,Забытые ямбы,Грудь вдоль широкого рубца,грудь вдоль широкий рубец,Забытые ямбы
412,12,Лев Мей,Забытые ямбы,"Лазурной ленты, а с лица",лазурный лента а с лицо,Забытые ямбы
413,12,Лев Мей,Забытые ямбы,Не сходит тонкая улыбка —,не сходить тонкий улыбка,Забытые ямбы
414,12,Лев Мей,Забытые ямбы,Почет приветливый гостям...,почет приветливый гость,Забытые ямбы
415,12,Лев Мей,Забытые ямбы,"Но мчатся тени, мчатся шибко —",но мчаться тень мчаться шибко,Забытые ямбы
416,12,Лев Мей,Забытые ямбы,И улетели...,и улетать,Забытые ямбы
417,12,Лев Мей,Забытые ямбы,Вновь темно,вновь темно,Забытые ямбы
418,12,Лев Мей,Забытые ямбы,Угольной комнаты окно...,угольный комната окно,Забытые ямбы
419,12,Лев Мей,Забытые ямбы,Постойте! Снова озарилось:,постоять снова озаряться,Забытые ямбы
420,12,Лев Мей,Забытые ямбы,Тихонько в комнату вошла,тихонько в комната входить,Забытые ямбы
421,12,Лев Мей,Забытые ямбы,"Она... задумчиво-светла,",она задумчиво светлый,Забытые ямбы
422,12,Лев Мей,Забытые ямбы,"Как ранний месяц... Мне приснилось,",как ранний месяц я присниться,Забытые ямбы
423,12,Лев Мей,Забытые ямбы,"Почудилось, быть может, но...",почудиться быть мочь но,Забытые ямбы
424,12,Лев Мей,Забытые ямбы,Портрет я изучил давно...,портрет я изучать давно,Забытые ямбы
425,12,Лев Мей,Забытые ямбы,"Кругом сиянье разливая,",кругом сияние разливать,Забытые ямбы
426,12,Лев Мей,Забытые ямбы,Из рамы вышла как живая,из рама выходить как живой,Забытые ямбы
427,12,Лев Мей,Забытые ямбы,"И села, голову склоня...",и садиться голова склонить,Забытые ямбы
428,12,Лев Мей,Забытые ямбы,"Вы можете дразнить меня,",вы мочь дразнить я,Забытые ямбы
429,12,Лев Мей,Забытые ямбы,"Осмеивать все эти грезы,",осмеивать весь этот греза,Забытые ямбы
430,12,Лев Мей,Забытые ямбы,Не верить даже — я не прочь...,не верить даже я не прочь,Забытые ямбы
431,12,Лев Мей,Забытые ямбы,Но платье красное и розы,но платье красный и роза,Забытые ямбы
432,12,Лев Мей,Забытые ямбы,"Такие, как у ней точь-в-точь,",такой как у она точь в точь,Забытые ямбы
433,12,Лев Мей,Забытые ямбы,Но белокурый пышный локон,но белокурый пышный локон,Забытые ямбы
434,12,Лев Мей,Забытые ямбы,Я видел явственно в ту ночь,я видеть явственно в тот ночь,Забытые ямбы
435,12,Лев Мей,Забытые ямбы,В угольной комнате у окон...,в угольный комната у окно,Забытые ямбы
436,12,Лев Мей,Забытые ямбы,Опять темно... и свет опять...,опять темно и свет опять,Забытые ямбы
437,12,Лев Мей,Забытые ямбы,"По тем же залам и гостиным,",по тот же зал и гостин,Забытые ямбы
438,12,Лев Мей,Забытые ямбы,"Дивясь статуям и картинам,",дивиться статуя и картина,Забытые ямбы
439,12,Лев Мей,Забытые ямбы,"Толпится не былая знать,",толпиться не былой знать,Забытые ямбы
440,12,Лев Мей,Забытые ямбы,"А новое, иное племя,",а новый иной племя,Забытые ямбы
441,12,Лев Мей,Забытые ямбы,Грядущей «жатвы мысли семя»:,грядущий жатва мысль семя,Забытые ямбы
442,12,Лев Мей,Забытые ямбы,"При блеске люстр, и ламп, и свеч,",при блеск люстра и лампа и свеча,Забытые ямбы
443,12,Лев Мей,Забытые ямбы,"Под звуки музыки стостройной,",под звук музыка стостройный,Забытые ямбы
444,12,Лев Мей,Забытые ямбы,"Гуляют гордо и спокойно,",гулять гордо и спокойно,Забытые ямбы
445,12,Лев Мей,Забытые ямбы,Ведя насмешливую речь.,вести насмешливый речь,Забытые ямбы
446,12,Лев Мей,Забытые ямбы,"Гостей встречает внук-вельможа,",гость встречать внук вельможа,Забытые ямбы
447,12,Лев Мей,Забытые ямбы,Но не по платью одному:,но не по платье один,Забытые ямбы
448,12,Лев Мей,Забытые ямбы,Дорога знанью и уму!..,дорога знание и ум,Забытые ямбы
449,12,Лев Мей,Забытые ямбы,"Теперь, покойных не тревожа",теперь покойный не тревожить,Забытые ямбы
450,12,Лев Мей,Забытые ямбы,"И отрекаяся от грез,",и отрекаясти от греза,Забытые ямбы
451,12,Лев Мей,Забытые ямбы,Я предложу живой вопрос:,я предлагать живой вопрос,Забытые ямбы
452,12,Лев Мей,Забытые ямбы,У вас весна и незабудки?,у вы весна и незабудка,Забытые ямбы
453,12,Лев Мей,Забытые ямбы,И соловьи? и ночь тепла?,и соловей и ночь тепло,Забытые ямбы
454,12,Лев Мей,Забытые ямбы,"И вся природа ожила,",и весь природа оживать,Забытые ямбы
455,12,Лев Мей,Забытые ямбы,Не отрекаясь от побудки,не отрекаться от побудка,Забытые ямбы
456,12,Лев Мей,Забытые ямбы,Жить долго-долго?.. Сами вы,жить долго долго сам вы,Забытые ямбы
457,12,Лев Мей,Забытые ямбы,"Спокойны, веселы, здоровы?",спокойный веселый здоровый,Забытые ямбы
458,12,Лев Мей,Забытые ямбы,Или с чугунки и с Москвы,или с чугунок и с москва,Забытые ямбы
459,12,Лев Мей,Забытые ямбы,"Все ваши нервные основы,",весь ваш нервный основа,Забытые ямбы
460,12,Лев Мей,Забытые ямбы,"Как нить натянутой струны,",как нить натягивать струна,Забытые ямбы
461,12,Лев Мей,Забытые ямбы,Тревожливо потрясены?,тревожливо потрясать,Забытые ямбы
462,12,Лев Мей,Забытые ямбы,"Еще вопрос. Решите сами,",еще вопрос решать сам,Забытые ямбы
463,12,Лев Мей,Забытые ямбы,Зачем пишу я к вам стихами?,зачем писать я к вы стих,Забытые ямбы
464,12,Лев Мей,Забытые ямбы,Без шуток следует решить...,без шутка следовать решать,Забытые ямбы
465,12,Лев Мей,Забытые ямбы,"Быть может, потому, что с вами",быть мочь потому что с вы,Забытые ямбы
466,12,Лев Мей,Забытые ямбы,Неловко прозой говорить?,неловко проза говорить,Забытые ямбы
467,12,Лев Мей,Забытые ямбы,"Иль, выражаясь безыскусно,",иль выражаться безыскусный,Забытые ямбы
468,12,Лев Мей,Забытые ямбы,"Не потому ли, может быть,",не потому ли мочь быть,Забытые ямбы
469,12,Лев Мей,Забытые ямбы,"Что вместе тошно, порознь грустно?..",что вместе тошно порознь грустно,Забытые ямбы
470,13,Михаил Лермонтов,Завещание,Середниково. Ночью; у окна.,середниковый ночь у окно,Завещание
471,13,Михаил Лермонтов,Завещание,"Есть место: близ тропы глухой,",быть место близ тропа глухой,Завещание
472,13,Михаил Лермонтов,Завещание,"В лесу пустынном, средь поляны,",в лес пустынный средь поляна,Завещание
473,13,Михаил Лермонтов,Завещание,"Где вьются вечером туманы,",где виться вечер туман,Завещание
474,13,Михаил Лермонтов,Завещание,Осеребренные луной...,осеребрить луна,Завещание
475,13,Михаил Лермонтов,Завещание,Мой друг! ты знаешь ту поляну;,мой друг ты знать тот поляна,Завещание
476,13,Михаил Лермонтов,Завещание,"Там труп мой хладный ты зарой,",там труп мой хладный ты зарывать,Завещание
477,13,Михаил Лермонтов,Завещание,Когда дышать я перестану!,когда дышать я переставать,Завещание
478,13,Михаил Лермонтов,Завещание,Могиле той не откажи,могила тот не отказывать,Завещание
479,13,Михаил Лермонтов,Завещание,"Ни в чем, последуя закону;",ни в чем последовать закон,Завещание
480,13,Михаил Лермонтов,Завещание,Поставь над нею крест из клену,поставлять над она крест из клен,Завещание
481,13,Михаил Лермонтов,Завещание,И дикий камень положи;,и дикий камень полагать,Завещание
482,13,Михаил Лермонтов,Завещание,"Когда гроза тот лес встревожит,",когда гроза тот лес встревожить,Завещание
483,13,Михаил Лермонтов,Завещание,Мой крест пришельца привлечет;,мой крест пришелец привлекать,Завещание
484,13,Михаил Лермонтов,Завещание,"И добрый человек, быть может,",и добрый человек быть мочь,Завещание
485,13,Михаил Лермонтов,Завещание,На диком камне отдохнет.,на дикий камень отдыхать,Завещание
486,14,Леонид Мартынов,Судьба,Я о тебе,я о ты,Судьба
487,14,Леонид Мартынов,Судьба,"Гораздо больше знаю,",гораздо много знать,Судьба
488,14,Леонид Мартынов,Судьба,"Чем о себе ты ведаешь сама,",чем о себя ты ведать сам,Судьба
489,14,Леонид Мартынов,Судьба,"О милая обыденность земная,",о милый обыденность земной,Судьба
490,14,Леонид Мартынов,Судьба,Стучащаяся пальчиком в дома.,стучаться пальчик в дом,Судьба
491,14,Леонид Мартынов,Судьба,"И о земле не меньше мне известно,",и о земля не мало я известно,Судьба
492,14,Леонид Мартынов,Судьба,Чем знает о себе сама земля -,чем знать о себя сам земля,Судьба
493,14,Леонид Мартынов,Судьба,"Не я ли сам, пришлец из звездной бездны,",не я ли сам пришлец из звездный бездна,Судьба
494,14,Леонид Мартынов,Судьба,На ней возделал хлебные поля.,на она возделывать хлебный поле,Судьба
495,14,Леонид Мартынов,Судьба,"Да и о небе знаю я побольше,",да и о небо знать я много,Судьба
496,14,Леонид Мартынов,Судьба,"Чем это небо знает о себе,",чем этот небо знать о себя,Судьба
497,14,Леонид Мартынов,Судьба,И потому-то не могу я дольше,и потому то не мочь я долго,Судьба
498,14,Леонид Мартынов,Судьба,Ждать и гадать о собственной судьбе.,ждать и гадать о собственный судьба,Судьба
499,14,Леонид Мартынов,Судьба,"О ты судьба моя, ничья иная,",о ты судьба мой ничья иной,Судьба
500,14,Леонид Мартынов,Судьба,"Я о тебе гораздо больше знаю,",я о ты гораздо много знать,Судьба
501,14,Леонид Мартынов,Судьба,Чем о себе ты ведаешь сама!,чем о себя ты ведать сам,Судьба
502,15,Владимир Высоцкий,Две судьбы,Жил я славно в первой трети,жить я славно в первый треть,Две судьбы
503,15,Владимир Высоцкий,Две судьбы,Двадцать лет на белом свете -,двадцать год на белый свет,Две судьбы
504,15,Владимир Высоцкий,Две судьбы,"по учению,",по учение,Две судьбы
505,15,Владимир Высоцкий,Две судьбы,"Жил бездумно, но при деле,",жить бездумно но при дело,Две судьбы
506,15,Владимир Высоцкий,Две судьбы,"Плыл, куда глаза глядели,-",плыть куда глаз глядеть,Две судьбы
507,15,Владимир Высоцкий,Две судьбы,по течению.,по течение,Две судьбы
508,15,Владимир Высоцкий,Две судьбы,"Думал - вот она, награда,-",думать вот она награда,Две судьбы
509,15,Владимир Высоцкий,Две судьбы,"Ведь ни веслами не надо,",ведь ни весло не надо,Две судьбы
510,15,Владимир Высоцкий,Две судьбы,ни ладонями.,ни ладонь,Две судьбы
511,15,Владимир Высоцкий,Две судьбы,"Комары, слепни да осы",комар слепень да оса,Две судьбы
512,15,Владимир Высоцкий,Две судьбы,"Донимали, кровососы,",донимать кровосос,Две судьбы
513,15,Владимир Высоцкий,Две судьбы,да не доняли.,да не донимать,Две судьбы
514,15,Владимир Высоцкий,Две судьбы,Слышал с берега в начале -,слышать с берег в начало,Две судьбы
515,15,Владимир Высоцкий,Две судьбы,"Мне о помощи кричали,",я о помощь кричать,Две судьбы
516,15,Владимир Высоцкий,Две судьбы,о спасении.,о спасение,Две судьбы
517,15,Владимир Высоцкий,Две судьбы,"Не дождались, бедолаги,-",не дождаться бедолага,Две судьбы
518,15,Владимир Высоцкий,Две судьбы,"Я лежал, чумной от браги,",я лежать чумный от брага,Две судьбы
519,15,Владимир Высоцкий,Две судьбы,в отключении.,в отключение,Две судьбы
520,15,Владимир Высоцкий,Две судьбы,"Тряханет ли в повороте,",тряхануть ли в поворот,Две судьбы
521,15,Владимир Высоцкий,Две судьбы,Завернет в водовороте -,завертывать в водоворот,Две судьбы
522,15,Владимир Высоцкий,Две судьбы,все исправится.,все исправляться,Две судьбы
523,15,Владимир Высоцкий,Две судьбы,"То разуюсь, то обуюсь,",то разуваться то обуваться,Две судьбы
524,15,Владимир Высоцкий,Две судьбы,На себя в воде любуюсь -,на себя в вода любоваться,Две судьбы
525,15,Владимир Высоцкий,Две судьбы,очень нравится.,очень нравиться,Две судьбы
526,15,Владимир Высоцкий,Две судьбы,"Берега текут за лодку,",берег течь за лодка,Две судьбы
527,15,Владимир Высоцкий,Две судьбы,Ну а я ласкаю глотку,ну а я ласкать глотка,Две судьбы
528,15,Владимир Высоцкий,Две судьбы,медовухою.,медовуха,Две судьбы
529,15,Владимир Высоцкий,Две судьбы,После лишнего глоточку,после лишний глоточек,Две судьбы
530,15,Владимир Высоцкий,Две судьбы,"Глядь - плыву не в одиночку,-",глядь плыть не в одиночка,Две судьбы
531,15,Владимир Высоцкий,Две судьбы,со старухою.,со старуха,Две судьбы
532,15,Владимир Высоцкий,Две судьбы,"И пока я удивлялся,",и пока я удивляться,Две судьбы
533,15,Владимир Высоцкий,Две судьбы,Пал туман и оказался,пал туман и оказываться,Две судьбы
534,15,Владимир Высоцкий,Две судьбы,"в гиблом месте я,-",в гиблый место я,Две судьбы
535,15,Владимир Высоцкий,Две судьбы,И огромная старуха,и огромный старуха,Две судьбы
536,15,Владимир Высоцкий,Две судьбы,"Хохотнула прямо в ухо,",хохотнуть прямо в ухо,Две судьбы
537,15,Владимир Высоцкий,Две судьбы,злая бестия.,злой бестия,Две судьбы
538,15,Владимир Высоцкий,Две судьбы,"Я кричу,- не слышу крика,",я кричать не слышать крик,Две судьбы
539,15,Владимир Высоцкий,Две судьбы,"Не вяжу от страха лыка,",не вязать от страх лыко,Две судьбы
540,15,Владимир Высоцкий,Две судьбы,"вижу плохо я,",видеть плохо я,Две судьбы
541,15,Владимир Высоцкий,Две судьбы,На ветру меня качает...,на ветер я качать,Две судьбы
542,15,Владимир Высоцкий,Две судьбы,- Кто здесь?- Слышу - отвечает:,кто здесь слышать отвечать,Две судьбы
543,15,Владимир Высоцкий,Две судьбы,"- Я, Нелегкая!",я нелегкий,Две судьбы
544,15,Владимир Высоцкий,Две судьбы,"Брось креститься, причитая,-",бросать креститься причитать,Две судьбы
545,15,Владимир Высоцкий,Две судьбы,Не спасет тебя святая,не спасать ты святой,Две судьбы
546,15,Владимир Высоцкий,Две судьбы,богородица:,богородица,Две судьбы
547,15,Владимир Высоцкий,Две судьбы,"Тот, кто руль и весла бросит,",тот кто руль и весло бросать,Две судьбы
548,15,Владимир Высоцкий,Две судьбы,Тех Нелегкая заносит -,тот нелегкий заносить,Две судьбы
549,15,Владимир Высоцкий,Две судьбы,так уж водится!-,так уж водиться,Две судьбы
550,15,Владимир Высоцкий,Две судьбы,"Я в потьмах ищу дорогу,",я в потьма искать дорога,Две судьбы
551,15,Владимир Высоцкий,Две судьбы,Медовухи понемногу -,медовуха понемногу,Две судьбы
552,15,Владимир Высоцкий,Две судьбы,"только по сту пью,-",только по сту пить,Две судьбы
553,15,Владимир Высоцкий,Две судьбы,"А она не засыпает,",а она не засыпать,Две судьбы
554,15,Владимир Высоцкий,Две судьбы,Впереди меня ступает,впереди я ступать,Две судьбы
555,15,Владимир Высоцкий,Две судьбы,тяжкой поступью.,тяжкий поступь,Две судьбы
556,15,Владимир Высоцкий,Две судьбы,"Вон, споткнулась о коренья,",вон спотыкаться о коренья,Две судьбы
557,15,Владимир Высоцкий,Две судьбы,От такого ожиренья,от такой ожирение,Две судьбы
558,15,Владимир Высоцкий,Две судьбы,тяжко охая.,тяжко охать,Две судьбы
559,15,Владимир Высоцкий,Две судьбы,"И у нее одышка даже,",и у она одышка даже,Две судьбы
560,15,Владимир Высоцкий,Две судьбы,"А заносит ведь - туда же,",а заносить ведь туда же,Две судьбы
561,15,Владимир Высоцкий,Две судьбы,тварь нелегкая.,тварь нелегкий,Две судьбы
562,15,Владимир Высоцкий,Две судьбы,"Вдруг навстречу нам - живая,",вдруг навстречу мы живой,Две судьбы
563,15,Владимир Высоцкий,Две судьбы,"Хромоногая, кривая,",хромоногий кривая,Две судьбы
564,15,Владимир Высоцкий,Две судьбы,морда хитрая.,морда хитрый,Две судьбы
565,15,Владимир Высоцкий,Две судьбы,"И кричит:- Стоишь над бездной,",и кричать стоять над бездна,Две судьбы
566,15,Владимир Высоцкий,Две судьбы,"Но спасу тебя, болезный,",но спасать ты болезный,Две судьбы
567,15,Владимир Высоцкий,Две судьбы,слезы вытру я!-,слеза вытирать я,Две судьбы
568,15,Владимир Высоцкий,Две судьбы,Я спросил:- Ты кто такая?-,я спрашивать ты кто такой,Две судьбы
569,15,Владимир Высоцкий,Две судьбы,"А она мне:- Я Кривая,-",а она я я кривой,Две судьбы
570,15,Владимир Высоцкий,Две судьбы,"воз, мол, вывезу,-",воз мол вывозить,Две судьбы
571,15,Владимир Высоцкий,Две судьбы,"- И хотя я кривобока,",и хотя я кривобок,Две судьбы
572,15,Владимир Высоцкий,Две судьбы,"Криворука, кривоока,-",криворукий кривоокий,Две судьбы
573,15,Владимир Высоцкий,Две судьбы,я мол вывезу!,я мол вывозить,Две судьбы
574,15,Владимир Высоцкий,Две судьбы,"Я воскликнул, наливая:",я восклицать наливать,Две судьбы
575,15,Владимир Высоцкий,Две судьбы,"- Вывози меня, Кривая!",вывозить я кривая,Две судьбы
576,15,Владимир Высоцкий,Две судьбы,я на привязи!,я на привязь,Две судьбы
577,15,Владимир Высоцкий,Две судьбы,"Я тебе и шбан поставлю,",я ты и шбан поставлять,Две судьбы
578,15,Владимир Высоцкий,Две судьбы,Кривизну твою исправлю -,кривизна твой исправлять,Две судьбы
579,15,Владимир Высоцкий,Две судьбы,только вывези!,только вывозить,Две судьбы
580,15,Владимир Высоцкий,Две судьбы,"И ты, маманя, сучья дочка,",и ты маманя сук дочка,Две судьбы
581,15,Владимир Высоцкий,Две судьбы,На-ка выпей полглоточка -,на ка выпивать полглоточек,Две судьбы
582,15,Владимир Высоцкий,Две судьбы,больно нервная.,больно нервный,Две судьбы
583,15,Владимир Высоцкий,Две судьбы,"Ты забудь меня на время,",ты забывать я на время,Две судьбы
584,15,Владимир Высоцкий,Две судьбы,Ты же толстая - в гареме,ты же толстый в гарем,Две судьбы
585,15,Владимир Высоцкий,Две судьбы,будешь первая.-,быть первый,Две судьбы
586,15,Владимир Высоцкий,Две судьбы,и упали две старухи,и упасть два старуха,Две судьбы
587,15,Владимир Высоцкий,Две судьбы,У бутыли медовухи,у бутыль медовуха,Две судьбы
588,15,Владимир Высоцкий,Две судьбы,"в пьянь, истерику.",в пьянь истерика,Две судьбы
589,15,Владимир Высоцкий,Две судьбы,"Я пока за кочки прячусь,",я пока за кочка прятаться,Две судьбы
590,15,Владимир Высоцкий,Две судьбы,Я тихонько задом пячусь,я тихонько зад пятиться,Две судьбы
591,15,Владимир Высоцкий,Две судьбы,прямо к берегу.,прямо к берег,Две судьбы
592,15,Владимир Высоцкий,Две судьбы,Лихо выгреб на стремнину,лихо выгребать на стремнина,Две судьбы
593,15,Владимир Высоцкий,Две судьбы,В два гребка на середину -,в два гребок на середина,Две судьбы
594,15,Владимир Высоцкий,Две судьбы,"ох, пройдоха я!",ох пройдоха я,Две судьбы
595,15,Владимир Высоцкий,Две судьбы,"Чтоб вы сдохли, выпивая,",чтоб вы сдыхать выпивать,Две судьбы
596,15,Владимир Высоцкий,Две судьбы,Две судьбы мои -,два судьба мой,Две судьбы
597,15,Владимир Высоцкий,Две судьбы,Кривая да Нелегкая!,кривой да нелегкий,Две судьбы
598,15,Владимир Высоцкий,Две судьбы,"Знать, по злобному расчету",знать по злобный расчет,Две судьбы
599,15,Владимир Высоцкий,Две судьбы,Да по тайному чьему-то,да по тайный чей то,Две судьбы
600,15,Владимир Высоцкий,Две судьбы,попечению,попечение,Две судьбы
601,15,Владимир Высоцкий,Две судьбы,"Не везло мне, обормоту,",не везти я обормот,Две судьбы
602,15,Владимир Высоцкий,Две судьбы,"И тащило, баламута,",и тащить баламут,Две судьбы
603,15,Владимир Высоцкий,Две судьбы,по течению.,по течение,Две судьбы
604,15,Владимир Высоцкий,Две судьбы,"Мне казалось, жизнь - отрада,",я казаться жизнь отрада,Две судьбы
605,15,Владимир Высоцкий,Две судьбы,"Мол, ни веслами не надо, ох, не надо -",мол ни весло не надо ох не надо,Две судьбы
606,15,Владимир Высоцкий,Две судьбы,"ох, пройдоха я!",ох пройдоха я,Две судьбы
607,15,Владимир Высоцкий,Две судьбы,"...Удалились, подвывая,",удаляться подвывать,Две судьбы
608,15,Владимир Высоцкий,Две судьбы,Две судьбы мои -,два судьба мой,Две судьбы
609,15,Владимир Высоцкий,Две судьбы,Кривая да Нелегкая!,кривой да нелегкий,Две судьбы
610,15,Владимир Высоцкий,Две судьбы,", -",,Две судьбы
611,16,Иосиф Уткин,Заздравная песня,"Что любится, чем дышится,",что любиться что дышаться,Заздравная песня
612,16,Иосиф Уткин,Заздравная песня,"Душа чем ваша полнится,",душа чем ваш полниться,Заздравная песня
613,16,Иосиф Уткин,Заздравная песня,"То в голосе услышится,",то в голос услышаться,Заздравная песня
614,16,Иосиф Уткин,Заздравная песня,То в песенке припомнится.,то в песенка припоминаться,Заздравная песня
615,16,Иосиф Уткин,Заздравная песня,"А мы споем о родине,",а мы спеть о родина,Заздравная песня
616,16,Иосиф Уткин,Заздравная песня,"С которой столько связано,",с который столько связанный,Заздравная песня
617,16,Иосиф Уткин,Заздравная песня,С которой столько пройдено,с который столько проходить,Заздравная песня
618,16,Иосиф Уткин,Заздравная песня,Хорошего и разного!,хороший и разный,Заздравная песня
619,16,Иосиф Уткин,Заздравная песня,Тяжелое - забудется.,тяжелый забываться,Заздравная песня
620,16,Иосиф Уткин,Заздравная песня,Хорошее - останется.,хороший оставаться,Заздравная песня
621,16,Иосиф Уткин,Заздравная песня,"Что с родиною сбудется,",что с родина сбываться,Заздравная песня
622,16,Иосиф Уткин,Заздравная песня,То и с народом станется.,то и с народ статься,Заздравная песня
623,16,Иосиф Уткин,Заздравная песня,"С ее лугами, нивами,",с ее луг нива,Заздравная песня
624,16,Иосиф Уткин,Заздравная песня,С ее лесами-чащами;,с ее лес чаща,Заздравная песня
625,16,Иосиф Уткин,Заздравная песня,"Была б она счастливою,",быть б она счастливый,Заздравная песня
626,16,Иосиф Уткин,Заздравная песня,А мы-то будем счастливы.,а мы то быть счастливый,Заздравная песня
627,16,Иосиф Уткин,Заздравная песня,"И сколько с ней ни пройдено,-",и сколько с она ни проходить,Заздравная песня
628,16,Иосиф Уткин,Заздравная песня,Усталыми не скажемся,усталый не сказываться,Заздравная песня
629,16,Иосиф Уткин,Заздравная песня,И песню спеть о родине,и песня спеть о родина,Заздравная песня
630,16,Иосиф Уткин,Заздравная песня,С друзьями не откажемся!,с друг не отказываться,Заздравная песня
631,17,Кондратий Рылеев,"Прими, прими, святый Евгений...",Князю E. П. Оболенскому,князь п оболенский,"Прими, прими, святый Евгений..."
632,17,Кондратий Рылеев,"Прими, прими, святый Евгений...","Прими, прими, святый Евгений,",принимать принимать святый евгений,"Прими, прими, святый Евгений..."
633,17,Кондратий Рылеев,"Прими, прими, святый Евгений...","Дань благодарную певца,",дань благодарный певец,"Прими, прими, святый Евгений..."
634,17,Кондратий Рылеев,"Прими, прими, святый Евгений...","И слово пламенных хвалений,",и слово пламенный хваление,"Прими, прими, святый Евгений..."
635,17,Кондратий Рылеев,"Прими, прими, святый Евгений...","И слезы, катящи с лица.",и слеза катящий с лицо,"Прими, прими, святый Евгений..."
636,17,Кондратий Рылеев,"Прими, прими, святый Евгений...",Отныне день твой до могилы,отныне день твой до могила,"Прими, прими, святый Евгений..."
637,17,Кондратий Рылеев,"Прими, прими, святый Евгений...",Пребудет свят душе моей:,пребыть святой душа мой,"Прими, прими, святый Евгений..."
638,17,Кондратий Рылеев,"Прими, прими, святый Евгений...",В сей день твой соимянник милый,в сей день твой соимянник милый,"Прими, прими, святый Евгений..."
639,17,Кондратий Рылеев,"Прими, прими, святый Евгений...",Освобожден был от цепей.,освобождать быть от цепь,"Прими, прими, святый Евгений..."
640,18,Ярослав Смеляков,На вокзале,"Шумел снежок над позднею Москвой,",шуметь снежок над поздний москва,На вокзале
641,18,Ярослав Смеляков,На вокзале,"гудел народ, прощаясь на вокзале,",гудеть народ прощаться на вокзал,На вокзале
642,18,Ярослав Смеляков,На вокзале,"в тот час, когда в одежде боевой",в тот час когда в одежда боевой,На вокзале
643,18,Ярослав Смеляков,На вокзале,мои друзья на север уезжали.,мой друг на север уезжать,На вокзале
644,18,Ярослав Смеляков,На вокзале,"И было видно всем издалека,",и быть видно все издалека,На вокзале
645,18,Ярослав Смеляков,На вокзале,как непривычно на плечах сидели,как непривычный на плечо сидеть,На вокзале
646,18,Ярослав Смеляков,На вокзале,"тулупчики, примятые слегка,",тулупчик приминать слегка,На вокзале
647,18,Ярослав Смеляков,На вокзале,и длинные армейские шинели.,и длинный армейский шинель,На вокзале
648,18,Ярослав Смеляков,На вокзале,Но было видно каждому из нас,но быть видно каждый из мы,На вокзале
649,18,Ярослав Смеляков,На вокзале,"по сдержанным попыткам веселиться,",по сдержанный попытка веселиться,На вокзале
650,18,Ярослав Смеляков,На вокзале,"по лицам их,— запомним эти лица!—",по лицо их запоминать этот лицо,На вокзале
651,18,Ярослав Смеляков,На вокзале,"по глубине глядящих прямо глаз,",по глубина глядеть прямо глаз,На вокзале
652,18,Ярослав Смеляков,На вокзале,"да, было ясно всем стоящим тут,",да быть ясно весь стоять тут,На вокзале
653,18,Ярослав Смеляков,На вокзале,"что эти люди, выйдя из вагона,",что этот человек выходить из вагон,На вокзале
654,18,Ярослав Смеляков,На вокзале,"неотвратимо, прямо, непреклонно",неотвратимый прямо непреклонный,На вокзале
655,18,Ярослав Смеляков,На вокзале,походкою истории пойдут.,походка история пойти,На вокзале
656,18,Ярослав Смеляков,На вокзале,"Как хочется, как долго можно жить,",как хотеться как долго можно жить,На вокзале
657,18,Ярослав Смеляков,На вокзале,как ветер жизни тянет и тревожит!,как ветер жизнь тянуть и тревожить,На вокзале
658,18,Ярослав Смеляков,На вокзале,Как снег валится!,как снег валиться,На вокзале
659,18,Ярослав Смеляков,На вокзале,"Но никто не сможет,",но никто не смочь,На вокзале
660,18,Ярослав Смеляков,На вокзале,ничто не сможет их остановить.,ничто не смочь они останавливать,На вокзале
661,18,Ярослав Смеляков,На вокзале,"Ни тонкий свист смертельного снаряда,",ни тонкий свист смертельный снаряд,На вокзале
662,18,Ярослав Смеляков,На вокзале,"ни злобный гул далеких батарей,",ни злобный гул далекий батарея,На вокзале
663,18,Ярослав Смеляков,На вокзале,ни самая тяжелая преграда —,ни самый тяжелый преграда,На вокзале
664,18,Ярослав Смеляков,На вокзале,молчанье жен и слезы матерей.,молчание жена и слеза мать,На вокзале
665,18,Ярослав Смеляков,На вокзале,"Что ж делать, мать?",что ж делать мать,На вокзале
666,18,Ярослав Смеляков,На вокзале,"У нас давно ведется,",у мы давно вестись,На вокзале
667,18,Ярослав Смеляков,На вокзале,"что вдаль глядят любимые сыны,",что вдаль глядеть любимый сын,На вокзале
668,18,Ярослав Смеляков,На вокзале,когда сердец невидимо коснется,когда сердце невидимый касаться,На вокзале
669,18,Ярослав Смеляков,На вокзале,рука патриотической войны.,рука патриотический война,На вокзале
670,18,Ярослав Смеляков,На вокзале,В расстегнутом тулупчике примятом,в расстегнуть тулупчик приминать,На вокзале
671,18,Ярослав Смеляков,На вокзале,"твой младший сын, упрямо стиснув рот,",твой младший сын упрямо стискивать рот,На вокзале
672,18,Ярослав Смеляков,На вокзале,"с путевкой своего военкомата,",с путевка свой военкомат,На вокзале
673,18,Ярослав Смеляков,На вокзале,"как с пропуском, в бессмертие идет.",как с пропуск в бессмертие идти,На вокзале
674,19,К. Р.,"Повеяло черемухой, проснулся соловей...","Повеяло черемухой,",повеять черемуха,"Повеяло черемухой, проснулся соловей..."
675,19,К. Р.,"Повеяло черемухой, проснулся соловей...","Проснулся соловей,",просыпаться соловей,"Повеяло черемухой, проснулся соловей..."
676,19,К. Р.,"Повеяло черемухой, проснулся соловей...",Уж песнью заливается,уж песнь заливаться,"Повеяло черемухой, проснулся соловей..."
677,19,К. Р.,"Повеяло черемухой, проснулся соловей...",Он в зелени ветвей.,он в зелень ветвь,"Повеяло черемухой, проснулся соловей..."
678,19,К. Р.,"Повеяло черемухой, проснулся соловей...","Учи меня, соловушко,",учить я соловушко,"Повеяло черемухой, проснулся соловей..."
679,19,К. Р.,"Повеяло черемухой, проснулся соловей...",Искусству твоему!,искусство твой,"Повеяло черемухой, проснулся соловей..."
680,19,К. Р.,"Повеяло черемухой, проснулся соловей...",Пусть песнь твою волшебную,пусть песнь твой волшебный,"Повеяло черемухой, проснулся соловей..."
681,19,К. Р.,"Повеяло черемухой, проснулся соловей...","Прочувствую, пойму.",прочувствовать понимать,"Повеяло черемухой, проснулся соловей..."
682,19,К. Р.,"Повеяло черемухой, проснулся соловей...",Пусть раздается песнь моя,пусть раздаваться песнь мой,"Повеяло черемухой, проснулся соловей..."
683,19,К. Р.,"Повеяло черемухой, проснулся соловей...","Могуча и сильна,",могучий и сильный,"Повеяло черемухой, проснулся соловей..."
684,19,К. Р.,"Повеяло черемухой, проснулся соловей...","Пусть людям в душу просится,",пусть человек в душа проситься,"Повеяло черемухой, проснулся соловей..."
685,19,К. Р.,"Повеяло черемухой, проснулся соловей...",Пусть их живит она;,пусть они живить она,"Повеяло черемухой, проснулся соловей..."
686,19,К. Р.,"Повеяло черемухой, проснулся соловей...",И пусть все им становится,и пусть все они становиться,"Повеяло черемухой, проснулся соловей..."
687,19,К. Р.,"Повеяло черемухой, проснулся соловей...","Дороже и милей,",дорогой и милый,"Повеяло черемухой, проснулся соловей..."
688,19,К. Р.,"Повеяло черемухой, проснулся соловей...","Как первая черемуха,",как первый черемуха,"Повеяло черемухой, проснулся соловей..."
689,19,К. Р.,"Повеяло черемухой, проснулся соловей...",Как первый соловей!,как первый соловей,"Повеяло черемухой, проснулся соловей..."
